[{"model": "admin.logentry", "pk": 1, "fields": {"action_time": "2023-09-04T07:37:11.822Z", "user": 1, "content_type": 7, "object_id": "1", "object_repr": "Tiktok object (1)", "action_flag": 1, "change_message": "[{\"added\": {}}]"}}, {"model": "admin.logentry", "pk": 2, "fields": {"action_time": "2023-09-04T07:46:25.526Z", "user": 1, "content_type": 7, "object_id": "1", "object_repr": "Tiktok object (1)", "action_flag": 3, "change_message": ""}}, {"model": "admin.logentry", "pk": 3, "fields": {"action_time": "2023-09-04T07:48:39.291Z", "user": 1, "content_type": 7, "object_id": "1", "object_repr": "Tiktok object (1)", "action_flag": 1, "change_message": "[{\"added\": {}}]"}}, {"model": "admin.logentry", "pk": 4, "fields": {"action_time": "2023-09-04T11:10:04.079Z", "user": 1, "content_type": 8, "object_id": "1", "object_repr": "WeeklyReport object (1)", "action_flag": 1, "change_message": "[{\"added\": {}}]"}}, {"model": "admin.logentry", "pk": 5, "fields": {"action_time": "2023-09-04T12:44:23.886Z", "user": 1, "content_type": 7, "object_id": "19", "object_repr": "test", "action_flag": 1, "change_message": "[{\"added\": {}}]"}}, {"model": "admin.logentry", "pk": 6, "fields": {"action_time": "2023-09-06T08:29:37.590Z", "user": 1, "content_type": 8, "object_id": "69", "object_repr": "WeeklyReport object (69)", "action_flag": 3, "change_message": ""}}, {"model": "admin.logentry", "pk": 7, "fields": {"action_time": "2023-09-06T08:29:37.598Z", "user": 1, "content_type": 8, "object_id": "68", "object_repr": "WeeklyReport object (68)", "action_flag": 3, "change_message": ""}}, {"model": "admin.logentry", "pk": 8, "fields": {"action_time": "2023-09-06T08:29:37.602Z", "user": 1, "content_type": 8, "object_id": "67", "object_repr": "WeeklyReport object (67)", "action_flag": 3, "change_message": ""}}, {"model": "admin.logentry", "pk": 9, "fields": {"action_time": "2023-09-06T08:29:37.606Z", "user": 1, "content_type": 8, "object_id": "66", "object_repr": "WeeklyReport object (66)", "action_flag": 3, "change_message": ""}}, {"model": "admin.logentry", "pk": 10, "fields": {"action_time": "2023-09-06T08:29:37.611Z", "user": 1, "content_type": 8, "object_id": "65", "object_repr": "WeeklyReport object (65)", "action_flag": 3, "change_message": ""}}, {"model": "admin.logentry", "pk": 11, "fields": {"action_time": "2023-09-06T08:29:37.615Z", "user": 1, "content_type": 8, "object_id": "64", "object_repr": "WeeklyReport object (64)", "action_flag": 3, "change_message": ""}}, {"model": "admin.logentry", "pk": 12, "fields": {"action_time": "2023-09-06T08:29:37.619Z", "user": 1, "content_type": 8, "object_id": "63", "object_repr": "WeeklyReport object (63)", "action_flag": 3, "change_message": ""}}, {"model": "admin.logentry", "pk": 13, "fields": {"action_time": "2023-09-06T08:29:37.623Z", "user": 1, "content_type": 8, "object_id": "62", "object_repr": "WeeklyReport object (62)", "action_flag": 3, "change_message": ""}}, {"model": "admin.logentry", "pk": 14, "fields": {"action_time": "2023-09-06T08:29:37.628Z", "user": 1, "content_type": 8, "object_id": "61", "object_repr": "WeeklyReport object (61)", "action_flag": 3, "change_message": ""}}, {"model": "admin.logentry", "pk": 15, "fields": {"action_time": "2023-09-06T08:29:37.632Z", "user": 1, "content_type": 8, "object_id": "60", "object_repr": "WeeklyReport object (60)", "action_flag": 3, "change_message": ""}}, {"model": "admin.logentry", "pk": 16, "fields": {"action_time": "2023-09-06T08:29:37.636Z", "user": 1, "content_type": 8, "object_id": "59", "object_repr": "WeeklyReport object (59)", "action_flag": 3, "change_message": ""}}, {"model": "admin.logentry", "pk": 17, "fields": {"action_time": "2023-09-06T08:29:37.641Z", "user": 1, "content_type": 8, "object_id": "58", "object_repr": "WeeklyReport object (58)", "action_flag": 3, "change_message": ""}}, {"model": "admin.logentry", "pk": 18, "fields": {"action_time": "2023-09-06T08:29:37.645Z", "user": 1, "content_type": 8, "object_id": "57", "object_repr": "WeeklyReport object (57)", "action_flag": 3, "change_message": ""}}, {"model": "admin.logentry", "pk": 19, "fields": {"action_time": "2023-09-06T08:29:37.649Z", "user": 1, "content_type": 8, "object_id": "56", "object_repr": "WeeklyReport object (56)", "action_flag": 3, "change_message": ""}}, {"model": "admin.logentry", "pk": 20, "fields": {"action_time": "2023-09-06T08:29:37.653Z", "user": 1, "content_type": 8, "object_id": "55", "object_repr": "WeeklyReport object (55)", "action_flag": 3, "change_message": ""}}, {"model": "admin.logentry", "pk": 21, "fields": {"action_time": "2023-09-06T08:29:37.657Z", "user": 1, "content_type": 8, "object_id": "54", "object_repr": "WeeklyReport object (54)", "action_flag": 3, "change_message": ""}}, {"model": "admin.logentry", "pk": 22, "fields": {"action_time": "2023-09-06T08:29:37.661Z", "user": 1, "content_type": 8, "object_id": "53", "object_repr": "WeeklyReport object (53)", "action_flag": 3, "change_message": ""}}, {"model": "admin.logentry", "pk": 23, "fields": {"action_time": "2023-09-06T08:29:37.665Z", "user": 1, "content_type": 8, "object_id": "52", "object_repr": "WeeklyReport object (52)", "action_flag": 3, "change_message": ""}}, {"model": "admin.logentry", "pk": 24, "fields": {"action_time": "2023-09-06T08:29:37.670Z", "user": 1, "content_type": 8, "object_id": "51", "object_repr": "WeeklyReport object (51)", "action_flag": 3, "change_message": ""}}, {"model": "admin.logentry", "pk": 25, "fields": {"action_time": "2023-09-06T08:29:37.674Z", "user": 1, "content_type": 8, "object_id": "50", "object_repr": "WeeklyReport object (50)", "action_flag": 3, "change_message": ""}}, {"model": "admin.logentry", "pk": 26, "fields": {"action_time": "2023-09-06T08:29:37.679Z", "user": 1, "content_type": 8, "object_id": "49", "object_repr": "WeeklyReport object (49)", "action_flag": 3, "change_message": ""}}, {"model": "admin.logentry", "pk": 27, "fields": {"action_time": "2023-09-06T08:29:37.683Z", "user": 1, "content_type": 8, "object_id": "48", "object_repr": "WeeklyReport object (48)", "action_flag": 3, "change_message": ""}}, {"model": "admin.logentry", "pk": 28, "fields": {"action_time": "2023-09-06T08:29:37.688Z", "user": 1, "content_type": 8, "object_id": "47", "object_repr": "WeeklyReport object (47)", "action_flag": 3, "change_message": ""}}, {"model": "admin.logentry", "pk": 29, "fields": {"action_time": "2023-09-06T08:29:37.692Z", "user": 1, "content_type": 8, "object_id": "46", "object_repr": "WeeklyReport object (46)", "action_flag": 3, "change_message": ""}}, {"model": "admin.logentry", "pk": 30, "fields": {"action_time": "2023-09-06T08:29:37.697Z", "user": 1, "content_type": 8, "object_id": "45", "object_repr": "WeeklyReport object (45)", "action_flag": 3, "change_message": ""}}, {"model": "admin.logentry", "pk": 31, "fields": {"action_time": "2023-09-06T08:29:37.701Z", "user": 1, "content_type": 8, "object_id": "44", "object_repr": "WeeklyReport object (44)", "action_flag": 3, "change_message": ""}}, {"model": "admin.logentry", "pk": 32, "fields": {"action_time": "2023-09-06T08:29:37.705Z", "user": 1, "content_type": 8, "object_id": "43", "object_repr": "WeeklyReport object (43)", "action_flag": 3, "change_message": ""}}, {"model": "admin.logentry", "pk": 33, "fields": {"action_time": "2023-09-06T08:29:37.709Z", "user": 1, "content_type": 8, "object_id": "42", "object_repr": "WeeklyReport object (42)", "action_flag": 3, "change_message": ""}}, {"model": "admin.logentry", "pk": 34, "fields": {"action_time": "2023-09-06T08:29:37.713Z", "user": 1, "content_type": 8, "object_id": "41", "object_repr": "WeeklyReport object (41)", "action_flag": 3, "change_message": ""}}, {"model": "admin.logentry", "pk": 35, "fields": {"action_time": "2023-09-06T08:29:37.717Z", "user": 1, "content_type": 8, "object_id": "40", "object_repr": "WeeklyReport object (40)", "action_flag": 3, "change_message": ""}}, {"model": "admin.logentry", "pk": 36, "fields": {"action_time": "2023-09-06T08:29:37.721Z", "user": 1, "content_type": 8, "object_id": "39", "object_repr": "WeeklyReport object (39)", "action_flag": 3, "change_message": ""}}, {"model": "admin.logentry", "pk": 37, "fields": {"action_time": "2023-09-06T08:29:37.725Z", "user": 1, "content_type": 8, "object_id": "38", "object_repr": "WeeklyReport object (38)", "action_flag": 3, "change_message": ""}}, {"model": "admin.logentry", "pk": 38, "fields": {"action_time": "2023-09-06T08:29:37.729Z", "user": 1, "content_type": 8, "object_id": "37", "object_repr": "WeeklyReport object (37)", "action_flag": 3, "change_message": ""}}, {"model": "admin.logentry", "pk": 39, "fields": {"action_time": "2023-09-06T08:29:37.733Z", "user": 1, "content_type": 8, "object_id": "36", "object_repr": "WeeklyReport object (36)", "action_flag": 3, "change_message": ""}}, {"model": "admin.logentry", "pk": 40, "fields": {"action_time": "2023-09-06T08:29:37.738Z", "user": 1, "content_type": 8, "object_id": "35", "object_repr": "WeeklyReport object (35)", "action_flag": 3, "change_message": ""}}, {"model": "admin.logentry", "pk": 41, "fields": {"action_time": "2023-09-06T08:29:37.742Z", "user": 1, "content_type": 8, "object_id": "34", "object_repr": "WeeklyReport object (34)", "action_flag": 3, "change_message": ""}}, {"model": "admin.logentry", "pk": 42, "fields": {"action_time": "2023-09-06T08:29:37.746Z", "user": 1, "content_type": 8, "object_id": "33", "object_repr": "WeeklyReport object (33)", "action_flag": 3, "change_message": ""}}, {"model": "admin.logentry", "pk": 43, "fields": {"action_time": "2023-09-06T08:29:37.752Z", "user": 1, "content_type": 8, "object_id": "32", "object_repr": "WeeklyReport object (32)", "action_flag": 3, "change_message": ""}}, {"model": "admin.logentry", "pk": 44, "fields": {"action_time": "2023-09-06T08:29:37.755Z", "user": 1, "content_type": 8, "object_id": "31", "object_repr": "WeeklyReport object (31)", "action_flag": 3, "change_message": ""}}, {"model": "admin.logentry", "pk": 45, "fields": {"action_time": "2023-09-06T08:29:37.759Z", "user": 1, "content_type": 8, "object_id": "30", "object_repr": "WeeklyReport object (30)", "action_flag": 3, "change_message": ""}}, {"model": "admin.logentry", "pk": 46, "fields": {"action_time": "2023-09-06T08:29:37.763Z", "user": 1, "content_type": 8, "object_id": "29", "object_repr": "WeeklyReport object (29)", "action_flag": 3, "change_message": ""}}, {"model": "admin.logentry", "pk": 47, "fields": {"action_time": "2023-09-06T08:29:37.767Z", "user": 1, "content_type": 8, "object_id": "28", "object_repr": "WeeklyReport object (28)", "action_flag": 3, "change_message": ""}}, {"model": "admin.logentry", "pk": 48, "fields": {"action_time": "2023-09-06T08:29:37.772Z", "user": 1, "content_type": 8, "object_id": "27", "object_repr": "WeeklyReport object (27)", "action_flag": 3, "change_message": ""}}, {"model": "admin.logentry", "pk": 49, "fields": {"action_time": "2023-09-06T08:29:37.776Z", "user": 1, "content_type": 8, "object_id": "26", "object_repr": "WeeklyReport object (26)", "action_flag": 3, "change_message": ""}}, {"model": "admin.logentry", "pk": 50, "fields": {"action_time": "2023-09-06T12:12:40.509Z", "user": 1, "content_type": 8, "object_id": "74", "object_repr": "WeeklyReport object (74)", "action_flag": 3, "change_message": ""}}, {"model": "admin.logentry", "pk": 51, "fields": {"action_time": "2023-09-06T12:12:40.515Z", "user": 1, "content_type": 8, "object_id": "73", "object_repr": "WeeklyReport object (73)", "action_flag": 3, "change_message": ""}}, {"model": "admin.logentry", "pk": 52, "fields": {"action_time": "2023-09-06T12:12:40.519Z", "user": 1, "content_type": 8, "object_id": "72", "object_repr": "WeeklyReport object (72)", "action_flag": 3, "change_message": ""}}, {"model": "admin.logentry", "pk": 53, "fields": {"action_time": "2023-09-06T12:12:40.525Z", "user": 1, "content_type": 8, "object_id": "71", "object_repr": "WeeklyReport object (71)", "action_flag": 3, "change_message": ""}}, {"model": "admin.logentry", "pk": 54, "fields": {"action_time": "2023-09-06T12:12:40.529Z", "user": 1, "content_type": 8, "object_id": "70", "object_repr": "WeeklyReport object (70)", "action_flag": 3, "change_message": ""}}, {"model": "admin.logentry", "pk": 55, "fields": {"action_time": "2023-09-07T07:21:09.560Z", "user": 1, "content_type": 8, "object_id": "75", "object_repr": "WeeklyReport object (75)", "action_flag": 3, "change_message": ""}}, {"model": "admin.logentry", "pk": 56, "fields": {"action_time": "2023-09-07T07:24:07.585Z", "user": 1, "content_type": 8, "object_id": "76", "object_repr": "WeeklyReport object (76)", "action_flag": 3, "change_message": ""}}, {"model": "admin.logentry", "pk": 57, "fields": {"action_time": "2023-09-07T07:24:55.341Z", "user": 1, "content_type": 8, "object_id": "77", "object_repr": "WeeklyReport object (77)", "action_flag": 3, "change_message": ""}}, {"model": "admin.logentry", "pk": 58, "fields": {"action_time": "2023-09-07T07:27:27.308Z", "user": 1, "content_type": 8, "object_id": "78", "object_repr": "WeeklyReport object (78)", "action_flag": 3, "change_message": ""}}, {"model": "admin.logentry", "pk": 59, "fields": {"action_time": "2023-09-07T14:43:22.306Z", "user": 1, "content_type": 8, "object_id": "80", "object_repr": "WeeklyReport object (80)", "action_flag": 3, "change_message": ""}}, {"model": "admin.logentry", "pk": 60, "fields": {"action_time": "2023-09-07T15:02:06.007Z", "user": 1, "content_type": 8, "object_id": "79", "object_repr": "WeeklyReport object (79)", "action_flag": 2, "change_message": "[{\"changed\": {\"fields\": [\"End date\"]}}]"}}, {"model": "admin.logentry", "pk": 61, "fields": {"action_time": "2023-09-07T15:02:38.194Z", "user": 1, "content_type": 8, "object_id": "79", "object_repr": "WeeklyReport object (79)", "action_flag": 2, "change_message": "[{\"changed\": {\"fields\": [\"End date\"]}}]"}}, {"model": "admin.logentry", "pk": 62, "fields": {"action_time": "2023-09-07T15:02:42.671Z", "user": 1, "content_type": 8, "object_id": "81", "object_repr": "WeeklyReport object (81)", "action_flag": 2, "change_message": "[{\"changed\": {\"fields\": [\"End date\"]}}]"}}, {"model": "admin.logentry", "pk": 63, "fields": {"action_time": "2023-09-07T15:03:18.634Z", "user": 1, "content_type": 8, "object_id": "81", "object_repr": "WeeklyReport object (81)", "action_flag": 2, "change_message": "[{\"changed\": {\"fields\": [\"Start date\", \"End date\"]}}]"}}, {"model": "admin.logentry", "pk": 64, "fields": {"action_time": "2023-09-07T15:04:04.600Z", "user": 1, "content_type": 8, "object_id": "81", "object_repr": "WeeklyReport object (81)", "action_flag": 2, "change_message": "[{\"changed\": {\"fields\": [\"End date\"]}}]"}}, {"model": "admin.logentry", "pk": 65, "fields": {"action_time": "2023-09-08T00:59:09.387Z", "user": 1, "content_type": 8, "object_id": "81", "object_repr": "WeeklyReport object (81)", "action_flag": 3, "change_message": ""}}, {"model": "admin.logentry", "pk": 66, "fields": {"action_time": "2023-09-08T01:03:49.986Z", "user": 1, "content_type": 8, "object_id": "82", "object_repr": "WeeklyReport object (82)", "action_flag": 3, "change_message": ""}}, {"model": "admin.logentry", "pk": 67, "fields": {"action_time": "2023-09-08T01:04:52.391Z", "user": 1, "content_type": 8, "object_id": "83", "object_repr": "WeeklyReport object (83)", "action_flag": 3, "change_message": ""}}, {"model": "admin.logentry", "pk": 68, "fields": {"action_time": "2023-09-08T01:06:42.254Z", "user": 1, "content_type": 8, "object_id": "84", "object_repr": "WeeklyReport object (84)", "action_flag": 3, "change_message": ""}}, {"model": "admin.logentry", "pk": 69, "fields": {"action_time": "2023-09-08T01:11:11.448Z", "user": 1, "content_type": 8, "object_id": "86", "object_repr": "WeeklyReport object (86)", "action_flag": 3, "change_message": ""}}, {"model": "admin.logentry", "pk": 70, "fields": {"action_time": "2023-09-08T01:11:11.454Z", "user": 1, "content_type": 8, "object_id": "85", "object_repr": "WeeklyReport object (85)", "action_flag": 3, "change_message": ""}}, {"model": "admin.logentry", "pk": 71, "fields": {"action_time": "2023-09-08T01:16:56.906Z", "user": 1, "content_type": 7, "object_id": "231", "object_repr": "https://p16-sign-sg.tiktokcdn.com/obj/tos-alisg-p-0037/1b681d004810486e8e878ad90979333f_1690100741?x-expires=1694242800&x-signature=b%2BhBXxh114YE%2FPQH8oeOAQwpZx0%3D", "action_flag": 2, "change_message": "[{\"changed\": {\"fields\": [\"Improvement view count\"]}}]"}}, {"model": "admin.logentry", "pk": 72, "fields": {"action_time": "2023-09-09T05:27:45.436Z", "user": 1, "content_type": 4, "object_id": "2", "object_repr": "cheekyglo", "action_flag": 1, "change_message": "[{\"added\": {}}]"}}, {"model": "auth.permission", "pk": 1, "fields": {"name": "Can add log entry", "content_type": 1, "codename": "add_logentry"}}, {"model": "auth.permission", "pk": 2, "fields": {"name": "Can change log entry", "content_type": 1, "codename": "change_logentry"}}, {"model": "auth.permission", "pk": 3, "fields": {"name": "Can delete log entry", "content_type": 1, "codename": "delete_logentry"}}, {"model": "auth.permission", "pk": 4, "fields": {"name": "Can view log entry", "content_type": 1, "codename": "view_logentry"}}, {"model": "auth.permission", "pk": 5, "fields": {"name": "Can add permission", "content_type": 2, "codename": "add_permission"}}, {"model": "auth.permission", "pk": 6, "fields": {"name": "Can change permission", "content_type": 2, "codename": "change_permission"}}, {"model": "auth.permission", "pk": 7, "fields": {"name": "Can delete permission", "content_type": 2, "codename": "delete_permission"}}, {"model": "auth.permission", "pk": 8, "fields": {"name": "Can view permission", "content_type": 2, "codename": "view_permission"}}, {"model": "auth.permission", "pk": 9, "fields": {"name": "Can add group", "content_type": 3, "codename": "add_group"}}, {"model": "auth.permission", "pk": 10, "fields": {"name": "Can change group", "content_type": 3, "codename": "change_group"}}, {"model": "auth.permission", "pk": 11, "fields": {"name": "Can delete group", "content_type": 3, "codename": "delete_group"}}, {"model": "auth.permission", "pk": 12, "fields": {"name": "Can view group", "content_type": 3, "codename": "view_group"}}, {"model": "auth.permission", "pk": 13, "fields": {"name": "Can add user", "content_type": 4, "codename": "add_user"}}, {"model": "auth.permission", "pk": 14, "fields": {"name": "Can change user", "content_type": 4, "codename": "change_user"}}, {"model": "auth.permission", "pk": 15, "fields": {"name": "Can delete user", "content_type": 4, "codename": "delete_user"}}, {"model": "auth.permission", "pk": 16, "fields": {"name": "Can view user", "content_type": 4, "codename": "view_user"}}, {"model": "auth.permission", "pk": 17, "fields": {"name": "Can add content type", "content_type": 5, "codename": "add_contenttype"}}, {"model": "auth.permission", "pk": 18, "fields": {"name": "Can change content type", "content_type": 5, "codename": "change_contenttype"}}, {"model": "auth.permission", "pk": 19, "fields": {"name": "Can delete content type", "content_type": 5, "codename": "delete_contenttype"}}, {"model": "auth.permission", "pk": 20, "fields": {"name": "Can view content type", "content_type": 5, "codename": "view_contenttype"}}, {"model": "auth.permission", "pk": 21, "fields": {"name": "Can add session", "content_type": 6, "codename": "add_session"}}, {"model": "auth.permission", "pk": 22, "fields": {"name": "Can change session", "content_type": 6, "codename": "change_session"}}, {"model": "auth.permission", "pk": 23, "fields": {"name": "Can delete session", "content_type": 6, "codename": "delete_session"}}, {"model": "auth.permission", "pk": 24, "fields": {"name": "Can view session", "content_type": 6, "codename": "view_session"}}, {"model": "auth.permission", "pk": 25, "fields": {"name": "Can add tiktok", "content_type": 7, "codename": "add_tiktok"}}, {"model": "auth.permission", "pk": 26, "fields": {"name": "Can change tiktok", "content_type": 7, "codename": "change_tiktok"}}, {"model": "auth.permission", "pk": 27, "fields": {"name": "Can delete tiktok", "content_type": 7, "codename": "delete_tiktok"}}, {"model": "auth.permission", "pk": 28, "fields": {"name": "Can view tiktok", "content_type": 7, "codename": "view_tiktok"}}, {"model": "auth.permission", "pk": 29, "fields": {"name": "Can add weekly report", "content_type": 8, "codename": "add_weeklyreport"}}, {"model": "auth.permission", "pk": 30, "fields": {"name": "Can change weekly report", "content_type": 8, "codename": "change_weeklyreport"}}, {"model": "auth.permission", "pk": 31, "fields": {"name": "Can delete weekly report", "content_type": 8, "codename": "delete_weeklyreport"}}, {"model": "auth.permission", "pk": 32, "fields": {"name": "Can view weekly report", "content_type": 8, "codename": "view_weeklyreport"}}, {"model": "auth.permission", "pk": 33, "fields": {"name": "Can add Token", "content_type": 9, "codename": "add_token"}}, {"model": "auth.permission", "pk": 34, "fields": {"name": "Can change Token", "content_type": 9, "codename": "change_token"}}, {"model": "auth.permission", "pk": 35, "fields": {"name": "Can delete Token", "content_type": 9, "codename": "delete_token"}}, {"model": "auth.permission", "pk": 36, "fields": {"name": "Can view Token", "content_type": 9, "codename": "view_token"}}, {"model": "auth.permission", "pk": 37, "fields": {"name": "Can add token", "content_type": 10, "codename": "add_tokenproxy"}}, {"model": "auth.permission", "pk": 38, "fields": {"name": "Can change token", "content_type": 10, "codename": "change_tokenproxy"}}, {"model": "auth.permission", "pk": 39, "fields": {"name": "Can delete token", "content_type": 10, "codename": "delete_tokenproxy"}}, {"model": "auth.permission", "pk": 40, "fields": {"name": "Can view token", "content_type": 10, "codename": "view_tokenproxy"}}, {"model": "auth.user", "pk": 1, "fields": {"password": "pbkdf2_sha256$600000$vqs8BI5uSyDgHosxUBVUOH$q3SVjtQ9N5omjLNyeyk9KBEWHV20X01f/VzFiItPH4c=", "last_login": "2023-09-10T10:08:03.068Z", "is_superuser": true, "username": "keefe", "first_name": "", "last_name": "", "email": "keefevuong123@gmail.com", "is_staff": true, "is_active": true, "date_joined": "2023-09-04T07:34:38.886Z", "groups": [], "user_permissions": []}}, {"model": "auth.user", "pk": 2, "fields": {"password": "pbkdf2_sha256$600000$mR5FiViPV2gflA54p1q0mc$jJ5Oxr1MtBYe/d3Yt8ohy17VZGP9aTPaT9K55pg2nok=", "last_login": null, "is_superuser": false, "username": "cheekyglo", "first_name": "", "last_name": "", "email": "", "is_staff": false, "is_active": true, "date_joined": "2023-09-09T05:27:45.099Z", "groups": [], "user_permissions": []}}, {"model": "contenttypes.contenttype", "pk": 1, "fields": {"app_label": "admin", "model": "logentry"}}, {"model": "contenttypes.contenttype", "pk": 2, "fields": {"app_label": "auth", "model": "permission"}}, {"model": "contenttypes.contenttype", "pk": 3, "fields": {"app_label": "auth", "model": "group"}}, {"model": "contenttypes.contenttype", "pk": 4, "fields": {"app_label": "auth", "model": "user"}}, {"model": "contenttypes.contenttype", "pk": 5, "fields": {"app_label": "contenttypes", "model": "contenttype"}}, {"model": "contenttypes.contenttype", "pk": 6, "fields": {"app_label": "sessions", "model": "session"}}, {"model": "contenttypes.contenttype", "pk": 7, "fields": {"app_label": "tiktok", "model": "tiktok"}}, {"model": "contenttypes.contenttype", "pk": 8, "fields": {"app_label": "tiktok", "model": "weeklyreport"}}, {"model": "contenttypes.contenttype", "pk": 9, "fields": {"app_label": "authtoken", "model": "token"}}, {"model": "contenttypes.contenttype", "pk": 10, "fields": {"app_label": "authtoken", "model": "tokenproxy"}}, {"model": "sessions.session", "pk": "b0cjksmc5kapja6dl9xn68fgx41squul", "fields": {"session_data": ".eJxVjEEOwiAQAP_C2RCWFpd69O4byC4sUjU0Ke3J-HdD0oNeZybzVoH2rYS9yRrmpC4K1OmXMcWn1C7Sg-p90XGp2zqz7ok-bNO3JcnrerR_g0Kt9K1jFDZk3TQmMOi8A48SZaCcp4jZSD5H5CRgcx6th0jg_UBk2VlA9fkC7Ek4LQ:1qed9y:gtVNU9WiTn_zIUE0uUV6SbmLSJKT4yD7Btaqwnjd_Pg", "expire_date": "2023-09-22T15:12:38.434Z"}}, {"model": "sessions.session", "pk": "slch310mx6snco10j3th3jpjmwlan1xu", "fields": {"session_data": ".eJxVjEEOwiAQAP_C2RCWFpd69O4byC4sUjU0Ke3J-HdD0oNeZybzVoH2rYS9yRrmpC4K1OmXMcWn1C7Sg-p90XGp2zqz7ok-bNO3JcnrerR_g0Kt9K1jFDZk3TQmMOi8A48SZaCcp4jZSD5H5CRgcx6th0jg_UBk2VlA9fkC7Ek4LQ:1qfHMJ:rHxxv8I2D4Kq1rE7xWDRjuGYsGlMSKVWWzH50KLQNUw", "expire_date": "2023-09-24T10:08:03.074Z"}}, {"model": "tiktok.weeklyreport", "pk": 79, "fields": {"title": "Weekly Report New", "owner": 2, "start_date": "2023-09-06", "end_date": "2023-09-06"}}, {"model": "tiktok.weeklyreport", "pk": 105, "fields": {"title": "test", "owner": 2, "start_date": "2023-09-01", "end_date": "2023-09-07"}}, {"model": "tiktok.weeklyreport", "pk": 107, "fields": {"title": "test 2", "owner": 2, "start_date": "2023-08-25", "end_date": "2023-08-31"}}, {"model": "tiktok.weeklyreport", "pk": 108, "fields": {"title": "week 3", "owner": 2, "start_date": "2023-08-18", "end_date": "2023-08-24"}}, {"model": "tiktok.weeklyreport", "pk": 110, "fields": {"title": "aaaaa", "owner": 2, "start_date": "2023-06-07", "end_date": "2023-06-13"}}, {"model": "tiktok.weeklyreport", "pk": 117, "fields": {"title": "8th Aug - 15th Aug", "owner": 2, "start_date": "2023-08-08", "end_date": "2023-08-15"}}, {"model": "tiktok.tiktok", "pk": 231, "fields": {"weekly_report": 79, "thumbnail": "https://p16-sign-sg.tiktokcdn.com/obj/tos-alisg-p-0037/1b681d004810486e8e878ad90979333f_1690100741?x-expires=1694242800&x-signature=b%2BhBXxh114YE%2FPQH8oeOAQwpZx0%3D", "like_count": 35, "view_count": 601, "comment_count": 7, "favourite_count": 2, "improvement_like_count": 1, "improvement_view_count": 25, "improvement_comment_count": 0, "improvement_favourite_count": 0, "notes": "hey eyeyeyye\nlklk\nkk", "url": "https://m.tiktok.com/v/7258927355698220306", "created": "2023-07-23", "last_updated": "2023-09-09"}}, {"model": "tiktok.tiktok", "pk": 232, "fields": {"weekly_report": 79, "thumbnail": "https://p16-sign-sg.tiktokcdn.com/obj/tos-alisg-p-0037/1bfe115068f44f3ba2541b965f5644a9_1689849471?x-expires=1694242800&x-signature=mF7FjTBMa2UjZli7DUaZjT9tSsg%3D", "like_count": 284, "view_count": 7454, "comment_count": 5, "favourite_count": 4, "improvement_like_count": 1, "improvement_view_count": 6, "improvement_comment_count": 0, "improvement_favourite_count": 0, "notes": "sffasf", "url": "https://m.tiktok.com/v/7257848196267773192", "created": "2023-07-20", "last_updated": "2023-09-09"}}, {"model": "tiktok.tiktok", "pk": 233, "fields": {"weekly_report": 79, "thumbnail": "https://p16-sign-sg.tiktokcdn.com/obj/tos-alisg-p-0037/782741936806448ba0983cd93b1cd613_1689326032?x-expires=1694242800&x-signature=L2ZRj%2FnVGnLZvH6JLBJqsaiHRso%3D", "like_count": 277, "view_count": 5912, "comment_count": 14, "favourite_count": 18, "improvement_like_count": 0, "improvement_view_count": 1, "improvement_comment_count": 0, "improvement_favourite_count": 0, "notes": "safas", "url": "https://m.tiktok.com/v/7255600040712981768", "created": "2023-07-14", "last_updated": "2023-09-09"}}, {"model": "tiktok.tiktok", "pk": 234, "fields": {"weekly_report": 79, "thumbnail": "https://p16-sign-sg.tiktokcdn.com/obj/tos-alisg-p-0037/f4c3f4566076404991b70b7599447100_1686039228?x-expires=1694242800&x-signature=tqqzoO33N%2FlA5FRAvr1ciD25reQ%3D", "like_count": 546, "view_count": 8282, "comment_count": 2, "favourite_count": 19, "improvement_like_count": 0, "improvement_view_count": 0, "improvement_comment_count": 0, "improvement_favourite_count": 0, "notes": "", "url": "https://m.tiktok.com/v/7241483318498217223", "created": "2023-06-06", "last_updated": "2023-09-09"}}, {"model": "tiktok.tiktok", "pk": 235, "fields": {"weekly_report": 79, "thumbnail": "https://p16-sign-sg.tiktokcdn.com/obj/tos-alisg-p-0037/80e62969b3d341c596e4b0328b2c9bef_1684628510?x-expires=1694242800&x-signature=ewf03Jk4evXhGvid4cYlRSDPNb4%3D", "like_count": 464900, "view_count": 2500000, "comment_count": 580, "favourite_count": 20200, "improvement_like_count": 0, "improvement_view_count": 0, "improvement_comment_count": 0, "improvement_favourite_count": 0, "notes": "", "url": "https://m.tiktok.com/v/7235424312176446738", "created": "2023-05-21", "last_updated": "2023-09-09"}}, {"model": "tiktok.tiktok", "pk": 236, "fields": {"weekly_report": 79, "thumbnail": "https://p16-sign-sg.tiktokcdn.com/obj/tos-alisg-p-0037/oME1qycCqAViTwIzBxIA0fhAstzo6FAHRNdYno?x-expires=1694242800&x-signature=D4F%2Bo6RRiWkzWf5j9Hre4MXBU5A%3D", "like_count": 30, "view_count": 1815, "comment_count": 2, "favourite_count": 5, "improvement_like_count": 0, "improvement_view_count": 3, "improvement_comment_count": 0, "improvement_favourite_count": 0, "notes": "", "url": "https://m.tiktok.com/v/7217781929637072130", "created": "2023-04-03", "last_updated": "2023-09-09"}}, {"model": "tiktok.tiktok", "pk": 237, "fields": {"weekly_report": 79, "thumbnail": "https://p16-sign-sg.tiktokcdn.com/obj/tos-alisg-p-0037/981152c5571b4530a1cd1113ade14777_1680514933?x-expires=1694242800&x-signature=t1ZYIgkewkVfzUi%2FD0npimbSD6M%3D", "like_count": 92, "view_count": 1097, "comment_count": 2, "favourite_count": 8, "improvement_like_count": 0, "improvement_view_count": 0, "improvement_comment_count": 0, "improvement_favourite_count": 0, "notes": "", "url": "https://m.tiktok.com/v/7217756632598482177", "created": "2023-04-03", "last_updated": "2023-09-09"}}, {"model": "tiktok.tiktok", "pk": 350, "fields": {"weekly_report": 105, "thumbnail": "https://p16-sign-sg.tiktokcdn.com/tos-alisg-p-0037/d0ee07530da549a88035adafc097f77b_1694090269~tplv-dmt-logom:tos-alisg-i-0068/okA9AbecnDDJeA9Ia5Dxc3EBeEgIrgCAbojcQA.image?x-expires=1694322000&x-signature=Yxlb6FEUtz0eDcG3J3BV6HFWZzc%3D", "like_count": 1503, "view_count": 10600, "comment_count": 11, "favourite_count": 43, "improvement_like_count": 503, "improvement_view_count": 2981, "improvement_comment_count": 2, "improvement_favourite_count": 15, "notes": "", "url": "https://m.tiktok.com/v/7276062279358057736", "created": "2023-09-07", "last_updated": "2023-09-09"}}, {"model": "tiktok.tiktok", "pk": 351, "fields": {"weekly_report": 105, "thumbnail": "https://p16-sign-sg.tiktokcdn.com/tos-alisg-p-0037/3552da7a18694c86a1ef16055bdf3a9f_1694002027~tplv-dmt-logom:tos-alisg-i-0068/os0f2ECvEGRQDWA0CNEs4IDGk2Aa6zicfAhgAB.image?x-expires=1694322000&x-signature=c8%2BqLK7vfXApbDhB1kBj2SDKG2g%3D", "like_count": 3226, "view_count": 27500, "comment_count": 10, "favourite_count": 270, "improvement_like_count": 567, "improvement_view_count": 5300, "improvement_comment_count": 1, "improvement_favourite_count": 40, "notes": "", "url": "https://m.tiktok.com/v/7275683283176869128", "created": "2023-09-06", "last_updated": "2023-09-09"}}, {"model": "tiktok.tiktok", "pk": 352, "fields": {"weekly_report": 105, "thumbnail": "https://p16-sign-sg.tiktokcdn.com/tos-alisg-p-0037/da0a84f1f54e44018ea5e08747108d72_1693923377~tplv-dmt-logom:tos-alisg-i-0068/o4UCezUAD5NzrjLdAAARCWNwEqBf3OhkgExIIw.image?x-expires=1694322000&x-signature=SXsanqmDeBn5hzNUyMHapt2YFeI%3D", "like_count": 535, "view_count": 7259, "comment_count": 7, "favourite_count": 48, "improvement_like_count": 73, "improvement_view_count": 961, "improvement_comment_count": 2, "improvement_favourite_count": 6, "notes": "", "url": "https://m.tiktok.com/v/7275345478202510599", "created": "2023-09-05", "last_updated": "2023-09-09"}}, {"model": "tiktok.tiktok", "pk": 353, "fields": {"weekly_report": 105, "thumbnail": "https://p16-sign-sg.tiktokcdn.com/tos-alisg-p-0037/3f279dc0a63d47db86f15d6ed948cf04_1693838380~tplv-dmt-logom:tos-alisg-i-0068/o0WUYDAsEhDLgXABv7kE1zCCeI5VQwANgAyfDR.image?x-expires=1694322000&x-signature=%2F1Qb1dZSa5FLIPxawebepybfAWU%3D", "like_count": 506, "view_count": 8991, "comment_count": 13, "favourite_count": 36, "improvement_like_count": 43, "improvement_view_count": 825, "improvement_comment_count": 1, "improvement_favourite_count": 5, "notes": "", "url": "https://m.tiktok.com/v/7274980425842396434", "created": "2023-09-04", "last_updated": "2023-09-09"}}, {"model": "tiktok.tiktok", "pk": 354, "fields": {"weekly_report": 105, "thumbnail": "https://p16-sign-sg.tiktokcdn.com/tos-alisg-p-0037/8b041a98494e432181c717243dc453a1_1693744672~tplv-dmt-logom:tos-alisg-i-0068/okhHUn9ZQAUdLZAEMBfD6n4A2IHRgAeTkoCT8b.image?x-expires=1694322000&x-signature=yGH%2BYDFYU9yJFzoLqYEfS5I1h%2F8%3D", "like_count": 102500, "view_count": 1500000, "comment_count": 377, "favourite_count": 13700, "improvement_like_count": 18400, "improvement_view_count": 200000, "improvement_comment_count": 84, "improvement_favourite_count": 2500, "notes": "", "url": "https://m.tiktok.com/v/7274577952912772360", "created": "2023-09-03", "last_updated": "2023-09-09"}}, {"model": "tiktok.tiktok", "pk": 355, "fields": {"weekly_report": 105, "thumbnail": "https://p16-sign-sg.tiktokcdn.com/tos-alisg-p-0037/a07a9f27443d4428a635ed5ff62082ad_1693667081~tplv-dmt-logom:tos-alisg-i-0068/oMDRZAIzeDiQA6niCgbc8SAQA8EewAbGB08kTE.image?x-expires=1694322000&x-signature=F0rntgK3AFl3RjqYpjBaHnYiFPk%3D", "like_count": 261, "view_count": 4955, "comment_count": 11, "favourite_count": 30, "improvement_like_count": 14, "improvement_view_count": 473, "improvement_comment_count": 0, "improvement_favourite_count": 3, "notes": "", "url": "https://m.tiktok.com/v/7274244704303205650", "created": "2023-09-02", "last_updated": "2023-09-09"}}, {"model": "tiktok.tiktok", "pk": 356, "fields": {"weekly_report": 105, "thumbnail": "https://p16-sign-sg.tiktokcdn.com/tos-alisg-p-0037/oIAR38DfULvwXjQYEKxruegQnbAP8BCcjBmkdg~tplv-dmt-logom:tos-alisg-i-0068/oIDhR3VMEWCEQ9eCVxPztBGR5hAfAAOgAH5kIU.image?x-expires=1694322000&x-signature=G43QIj9As0eXhJmReMNpKqcGDC8%3D", "like_count": 2234, "view_count": 21200, "comment_count": 20, "favourite_count": 79, "improvement_like_count": 40, "improvement_view_count": 700, "improvement_comment_count": 0, "improvement_favourite_count": 3, "notes": "", "url": "https://m.tiktok.com/v/7273837597179366664", "created": "2023-09-01", "last_updated": "2023-09-09"}}, {"model": "tiktok.tiktok", "pk": 357, "fields": {"weekly_report": 107, "thumbnail": "https://p16-sign-sg.tiktokcdn.com/tos-alisg-p-0037/38269c4154ab49b5abad8a8fb4e13439_1693494007~tplv-dmt-logom:tos-alisg-i-0068/osnvADeArQV8v8FE9QebHo1dJWAgCRgIhkIKAB.image?x-expires=1694322000&x-signature=I1xDtD%2B0flLeZ8nHFv%2BN9Abqo7E%3D", "like_count": 147, "view_count": 3373, "comment_count": 3, "favourite_count": 14, "improvement_like_count": 9, "improvement_view_count": 265, "improvement_comment_count": 0, "improvement_favourite_count": -1, "notes": "test", "url": "https://m.tiktok.com/v/7273501335297838344", "created": "2023-08-31", "last_updated": "2023-09-09"}}, {"model": "tiktok.tiktok", "pk": 358, "fields": {"weekly_report": 107, "thumbnail": "https://p16-sign-sg.tiktokcdn.com/tos-alisg-p-0037/6933f009cdfd4af6ab4f39461639b833_1693399175~tplv-dmt-logom:tos-alisg-i-0068/owTBxMAbEhUkOaAA5OyCvzIBdIAcKcAtwAGfDI.image?x-expires=1694322000&x-signature=h1Uht8CUrfx6hsl4Lt0NX9wLlKY%3D", "like_count": 728, "view_count": 6185, "comment_count": 8, "favourite_count": 19, "improvement_like_count": 9, "improvement_view_count": 293, "improvement_comment_count": 0, "improvement_favourite_count": 1, "notes": "", "url": "https://m.tiktok.com/v/7273094052269034759", "created": "2023-08-30", "last_updated": "2023-09-09"}}, {"model": "tiktok.tiktok", "pk": 359, "fields": {"weekly_report": 107, "thumbnail": "https://p16-sign-sg.tiktokcdn.com/tos-alisg-p-0037/a3aa69245d6b4196b1ef1c21db86ceae_1693319902~tplv-dmt-logom:tos-alisg-i-0068/o0BMAA6dNfDACCwAEyhzFtNhIApTwFEqAKutVI.image?x-expires=1694322000&x-signature=DxGy4RTDglvppuvieUzG8xO9Vu8%3D", "like_count": 816, "view_count": 9334, "comment_count": 7, "favourite_count": 138, "improvement_like_count": 15, "improvement_view_count": 321, "improvement_comment_count": 0, "improvement_favourite_count": 6, "notes": "", "url": "https://m.tiktok.com/v/7272753578652011784", "created": "2023-08-29", "last_updated": "2023-09-09"}}, {"model": "tiktok.tiktok", "pk": 360, "fields": {"weekly_report": 107, "thumbnail": "https://p16-sign-sg.tiktokcdn.com/tos-alisg-p-0037/owBRR8zs7zLtHA30sONdUFehBaKfEEkrBIgAlv~tplv-dmt-logom:tos-alisg-i-0068/ooLPUenDREBIFIASlsDEXJCAsAfglFA07kbhTD.image?x-expires=1694322000&x-signature=EDeFIpKQBP5SZQFVlJDyTVhKiXA%3D", "like_count": 11700, "view_count": 226000, "comment_count": 128, "favourite_count": 1819, "improvement_like_count": 7892, "improvement_view_count": 166200, "improvement_comment_count": 61, "improvement_favourite_count": 1201, "notes": "", "url": "https://m.tiktok.com/v/7272383554405928210", "created": "2023-08-28", "last_updated": "2023-09-09"}}, {"model": "tiktok.tiktok", "pk": 361, "fields": {"weekly_report": 107, "thumbnail": "https://p16-sign-sg.tiktokcdn.com/obj/tos-alisg-p-0037/owvhXZ42E0PCoPdAtrmztAmIL9AfBUbwMW5yII?x-expires=1694322000&x-signature=kZ5ZYRc3u2Mz1u9zEAHAVlcfT2E%3D", "like_count": 335, "view_count": 5660, "comment_count": 16, "favourite_count": 14, "improvement_like_count": 5, "improvement_view_count": 160, "improvement_comment_count": 0, "improvement_favourite_count": 0, "notes": "", "url": "https://m.tiktok.com/v/7272019712115019026", "created": "2023-08-27", "last_updated": "2023-09-09"}}, {"model": "tiktok.tiktok", "pk": 362, "fields": {"weekly_report": 107, "thumbnail": "https://p16-sign-sg.tiktokcdn.com/tos-alisg-p-0037/3de4b0b0fd3942c98250268d7720ab33_1693062150~tplv-dmt-logom:tos-alisg-i-0068/ocwAJhQwyAAPFDBDAzB8DE5dfAoEIItIACSpqW.image?x-expires=1694322000&x-signature=NP%2BHob3qlc%2FZeLpeyhT2hWqLPzQ%3D", "like_count": 661, "view_count": 14000, "comment_count": 4, "favourite_count": 126, "improvement_like_count": 7, "improvement_view_count": 300, "improvement_comment_count": 0, "improvement_favourite_count": 1, "notes": "", "url": "https://m.tiktok.com/v/7271646537543847175", "created": "2023-08-26", "last_updated": "2023-09-09"}}, {"model": "tiktok.tiktok", "pk": 363, "fields": {"weekly_report": 107, "thumbnail": "https://p16-sign-sg.tiktokcdn.com/tos-alisg-p-0037/18c02768d8c842db939cbda40653cbe2_1692978540~tplv-dmt-logom:tos-alisg-i-0068/osIBafAlAJ0tDKd7WyuEAbIomAECIA8NzGzbhw.image?x-expires=1694322000&x-signature=ERuzC23C7kM7dkehHFE1SlCzVT0%3D", "like_count": 4585, "view_count": 39100, "comment_count": 87, "favourite_count": 254, "improvement_like_count": 12, "improvement_view_count": 400, "improvement_comment_count": 0, "improvement_favourite_count": 0, "notes": "", "url": "https://m.tiktok.com/v/7271287433394687240", "created": "2023-08-25", "last_updated": "2023-09-09"}}, {"model": "tiktok.tiktok", "pk": 364, "fields": {"weekly_report": 108, "thumbnail": "https://p16-sign-sg.tiktokcdn.com/tos-alisg-p-0037/600880becaad40ab9c365f102be8a75c_1692887037~tplv-dmt-logom:tos-alisg-i-0068/ocQjfgJAsSv8AwiOnDI7pzeH1AAE8AbGDzIAwf.image?x-expires=1694404800&x-signature=wxirgBo920jgICWfN%2BEC%2BLitDCs%3D", "like_count": 638, "view_count": 10100, "comment_count": 9, "favourite_count": 39, "improvement_like_count": 0, "improvement_view_count": 100, "improvement_comment_count": 0, "improvement_favourite_count": 0, "notes": "", "url": "https://m.tiktok.com/v/7270894393052171538", "created": "2023-08-24", "last_updated": "2023-09-09"}}, {"model": "tiktok.tiktok", "pk": 365, "fields": {"weekly_report": 108, "thumbnail": "https://p16-sign-sg.tiktokcdn.com/tos-alisg-p-0037/dcf1dddac91743d299dddb59a0f4bcdc_1692797208~tplv-dmt-logom:tos-alisg-i-0068/o8SgRzgd7DALmAbkAfAgICEmbkEDkCBQgnCR5e.image?x-expires=1694404800&x-signature=SWli4ah9NBIxcMlqXngVUTQEtMI%3D", "like_count": 38500, "view_count": 523000, "comment_count": 238, "favourite_count": 5997, "improvement_like_count": 100, "improvement_view_count": 200, "improvement_comment_count": 1, "improvement_favourite_count": 3, "notes": "", "url": "https://m.tiktok.com/v/7270508604472577287", "created": "2023-08-23", "last_updated": "2023-09-09"}}, {"model": "tiktok.tiktok", "pk": 366, "fields": {"weekly_report": 108, "thumbnail": "https://p16-sign-sg.tiktokcdn.com/tos-alisg-p-0037/601f61ece216406f9c8445e1226110b5_1692710959~tplv-dmt-logom:tos-alisg-i-0068/okg5nbBpEDmQQFcvjAkgeCUJIERLAA0YHBMADf.image?x-expires=1694404800&x-signature=Ruu8i3Eh1KsbcZLwTCYBv6xodKo%3D", "like_count": 3032, "view_count": 23400, "comment_count": 16, "favourite_count": 214, "improvement_like_count": 1, "improvement_view_count": 0, "improvement_comment_count": 0, "improvement_favourite_count": 0, "notes": "", "url": "https://m.tiktok.com/v/7270138178005142802", "created": "2023-08-22", "last_updated": "2023-09-09"}}, {"model": "tiktok.tiktok", "pk": 367, "fields": {"weekly_report": 108, "thumbnail": "https://p16-sign-sg.tiktokcdn.com/tos-alisg-i-photomode-sg/63c421613ecd4ce58e9201984d630f65~tplv-photomode-image.jpeg?x-expires=1694404800&x-signature=N6RxxJ0Q5m1WUB7A9j23Hi%2B9xOk%3D", "like_count": 345, "view_count": 5457, "comment_count": 9, "favourite_count": 13, "improvement_like_count": 1, "improvement_view_count": 7, "improvement_comment_count": 0, "improvement_favourite_count": 0, "notes": "", "url": "https://m.tiktok.com/v/7269769082495372552", "created": "2023-08-21", "last_updated": "2023-09-09"}}, {"model": "tiktok.tiktok", "pk": 368, "fields": {"weekly_report": 108, "thumbnail": "https://p16-sign-sg.tiktokcdn.com/tos-alisg-p-0037/d8101a1eeab345348f6dd73735aa65c7_1692539959~tplv-dmt-logom:tos-alisg-i-0068/owFERkAj4HWDEOYhBAQAtOwbvaegaeInAqQC0h.image?x-expires=1694404800&x-signature=1bQxahOxGlCz%2FsqAcHOWYm6cGPk%3D", "like_count": 2786, "view_count": 25500, "comment_count": 26, "favourite_count": 461, "improvement_like_count": 1, "improvement_view_count": 0, "improvement_comment_count": 0, "improvement_favourite_count": 0, "notes": "", "url": "https://m.tiktok.com/v/7269403720629210386", "created": "2023-08-20", "last_updated": "2023-09-09"}}, {"model": "tiktok.tiktok", "pk": 369, "fields": {"weekly_report": 108, "thumbnail": "https://p16-sign-sg.tiktokcdn.com/tos-alisg-p-0037/2de2d8add7d1457ea5230d707f0f33d5_1692453905~tplv-dmt-logom:tos-alisg-i-0068/oUAACrhIEAwyFmcNMzfIgGDWkAYENCATzBGIAK.image?x-expires=1694404800&x-signature=Zyuy4bVWeZG%2FHwuIXyGlg%2FG7U18%3D", "like_count": 1298, "view_count": 11600, "comment_count": 2, "favourite_count": 72, "improvement_like_count": 0, "improvement_view_count": 0, "improvement_comment_count": 0, "improvement_favourite_count": 0, "notes": "", "url": "https://m.tiktok.com/v/7269034122704735506", "created": "2023-08-19", "last_updated": "2023-09-09"}}, {"model": "tiktok.tiktok", "pk": 370, "fields": {"weekly_report": 108, "thumbnail": "https://p16-sign-sg.tiktokcdn.com/tos-alisg-p-0037/5e4a24c8a7384df3a88f60848971ac72_1692368167~tplv-dmt-logom:tos-alisg-i-0068/oYABD0kWA9RhDc5E83ANfQgn9geQ3AtC0DbOH5.image?x-expires=1694404800&x-signature=FEAUnIBYhr87ZC4TJsFGGFI0bUE%3D", "like_count": 7160, "view_count": 75600, "comment_count": 36, "favourite_count": 1378, "improvement_like_count": 12, "improvement_view_count": 200, "improvement_comment_count": 0, "improvement_favourite_count": 6, "notes": "", "url": "https://m.tiktok.com/v/7268665872858795271", "created": "2023-08-18", "last_updated": "2023-09-09"}}, {"model": "tiktok.tiktok", "pk": 378, "fields": {"weekly_report": 110, "thumbnail": "https://p16-sign-sg.tiktokcdn.com/obj/tos-alisg-p-0037/629f9602659d4507a126ae94b47c0965_1686919471?x-expires=1694408400&x-signature=4yyZCWP6kzKI4QweiqqZqRgkbrA%3D", "like_count": 381, "view_count": 40100, "comment_count": 18, "favourite_count": 19, "improvement_like_count": 0, "improvement_view_count": 0, "improvement_comment_count": 0, "improvement_favourite_count": 0, "notes": "", "url": "https://m.tiktok.com/v/7245263937699204360", "created": "2023-06-16", "last_updated": "2023-09-09"}}, {"model": "tiktok.tiktok", "pk": 379, "fields": {"weekly_report": 110, "thumbnail": "https://p16-sign-sg.tiktokcdn.com/obj/tos-alisg-p-0037/2eb0bfe71222484ea3a9207d6a164083_1686839347?x-expires=1694408400&x-signature=4DJmwWHUXtuVmZWMfoWxKjIxhCQ%3D", "like_count": 561, "view_count": 12400, "comment_count": 8, "favourite_count": 72, "improvement_like_count": 0, "improvement_view_count": 0, "improvement_comment_count": 0, "improvement_favourite_count": 0, "notes": "", "url": "https://m.tiktok.com/v/7244919793139076360", "created": "2023-06-15", "last_updated": "2023-09-09"}}, {"model": "tiktok.tiktok", "pk": 380, "fields": {"weekly_report": 110, "thumbnail": "https://p16-sign-sg.tiktokcdn.com/obj/tos-alisg-p-0037/202963b4559c46b588b1d6123f6b8331_1686689755?x-expires=1694408400&x-signature=6EgnljomjIBrx%2FChumjDexXzqsg%3D", "like_count": 979, "view_count": 278200, "comment_count": 11, "favourite_count": 24, "improvement_like_count": 0, "improvement_view_count": 0, "improvement_comment_count": 0, "improvement_favourite_count": 0, "notes": "", "url": "https://m.tiktok.com/v/7244277301221920008", "created": "2023-06-13", "last_updated": "2023-09-09"}}, {"model": "tiktok.tiktok", "pk": 381, "fields": {"weekly_report": 110, "thumbnail": "https://p16-sign-sg.tiktokcdn.com/obj/tos-alisg-p-0037/f01d8610e2e54fe0b508150053411f00_1686663942?x-expires=1694408400&x-signature=W5z%2BSVVm71OixSl2fJYvd7FpPYM%3D", "like_count": 195, "view_count": 6865, "comment_count": 6, "favourite_count": 8, "improvement_like_count": 0, "improvement_view_count": 0, "improvement_comment_count": 0, "improvement_favourite_count": 0, "notes": "", "url": "https://m.tiktok.com/v/7244166451895028999", "created": "2023-06-13", "last_updated": "2023-09-09"}}, {"model": "tiktok.tiktok", "pk": 382, "fields": {"weekly_report": 110, "thumbnail": "https://p16-sign-sg.tiktokcdn.com/obj/tos-alisg-p-0037/8dba3c2eb5f04ba2b5914f37d0725130_1686581340?x-expires=1694408400&x-signature=mepDFwj8AZ7D6tkSGVjN7DxoM1A%3D", "like_count": 1035, "view_count": 13400, "comment_count": 11, "favourite_count": 81, "improvement_like_count": 0, "improvement_view_count": 0, "improvement_comment_count": 0, "improvement_favourite_count": 0, "notes": "", "url": "https://m.tiktok.com/v/7243811678117186834", "created": "2023-06-12", "last_updated": "2023-09-09"}}, {"model": "tiktok.tiktok", "pk": 383, "fields": {"weekly_report": 110, "thumbnail": "https://p16-sign-sg.tiktokcdn.com/obj/tos-alisg-p-0037/oE9q5vOIzISDXFPGAnfBqrIPKANyyNAEhwwnCQ?x-expires=1694408400&x-signature=34a3UJXqAZBxpPjegvipAdEwP7w%3D", "like_count": 5103, "view_count": 88500, "comment_count": 16, "favourite_count": 690, "improvement_like_count": 0, "improvement_view_count": 0, "improvement_comment_count": 0, "improvement_favourite_count": 0, "notes": "", "url": "https://m.tiktok.com/v/7243446475018063112", "created": "2023-06-11", "last_updated": "2023-09-09"}}, {"model": "tiktok.tiktok", "pk": 384, "fields": {"weekly_report": 110, "thumbnail": "https://p16-sign-sg.tiktokcdn.com/obj/tos-alisg-p-0037/0a866097be844e3e8c45b9aeb7a1e197_1686406292?x-expires=1694408400&x-signature=wtARFuxv810A6GSHkUGeDL3W7wY%3D", "like_count": 58300, "view_count": 1200000, "comment_count": 828, "favourite_count": 4307, "improvement_like_count": 0, "improvement_view_count": 0, "improvement_comment_count": 0, "improvement_favourite_count": 0, "notes": "", "url": "https://m.tiktok.com/v/7243059849699937543", "created": "2023-06-10", "last_updated": "2023-09-09"}}, {"model": "tiktok.tiktok", "pk": 392, "fields": {"weekly_report": 117, "thumbnail": "https://i.imgur.com/Op20FYx.jpeg", "like_count": 14300, "view_count": 163400, "comment_count": 76, "favourite_count": 3357, "improvement_like_count": 0, "improvement_view_count": 0, "improvement_comment_count": 0, "improvement_favourite_count": 0, "notes": "", "url": "https://m.tiktok.com/v/7267170269481929986", "created": "2023-08-14", "last_updated": null}}, {"model": "tiktok.tiktok", "pk": 393, "fields": {"weekly_report": 117, "thumbnail": "https://i.imgur.com/Fgnuo50.jpeg", "like_count": 3155, "view_count": 25200, "comment_count": 31, "favourite_count": 229, "improvement_like_count": 0, "improvement_view_count": 0, "improvement_comment_count": 0, "improvement_favourite_count": 0, "notes": "", "url": "https://m.tiktok.com/v/7266802765903432961", "created": "2023-08-13", "last_updated": null}}, {"model": "tiktok.tiktok", "pk": 394, "fields": {"weekly_report": 117, "thumbnail": "https://i.imgur.com/qEJlxzU.jpeg", "like_count": 394, "view_count": 8856, "comment_count": 19, "favourite_count": 36, "improvement_like_count": 0, "improvement_view_count": 0, "improvement_comment_count": 0, "improvement_favourite_count": 0, "notes": "", "url": "https://m.tiktok.com/v/7266425637420698882", "created": "2023-08-12", "last_updated": null}}, {"model": "tiktok.tiktok", "pk": 395, "fields": {"weekly_report": 117, "thumbnail": "https://i.imgur.com/ORqZMis.jpeg", "like_count": 6119, "view_count": 228800, "comment_count": 87, "favourite_count": 786, "improvement_like_count": 0, "improvement_view_count": 0, "improvement_comment_count": 0, "improvement_favourite_count": 0, "notes": "", "url": "https://m.tiktok.com/v/7266078005523500290", "created": "2023-08-11", "last_updated": null}}, {"model": "tiktok.tiktok", "pk": 396, "fields": {"weekly_report": 117, "thumbnail": "https://i.imgur.com/I2pLK3P.jpeg", "like_count": 128, "view_count": 3518, "comment_count": 5, "favourite_count": 6, "improvement_like_count": 0, "improvement_view_count": 0, "improvement_comment_count": 0, "improvement_favourite_count": 0, "notes": "", "url": "https://m.tiktok.com/v/7265692827999358209", "created": "2023-08-10", "last_updated": null}}, {"model": "tiktok.tiktok", "pk": 397, "fields": {"weekly_report": 117, "thumbnail": "https://i.imgur.com/qRxoDlx.jpeg", "like_count": 474, "view_count": 33300, "comment_count": 8, "favourite_count": 46, "improvement_like_count": 0, "improvement_view_count": 0, "improvement_comment_count": 0, "improvement_favourite_count": 0, "notes": "", "url": "https://m.tiktok.com/v/7265308651240426753", "created": "2023-08-09", "last_updated": null}}, {"model": "tiktok.tiktok", "pk": 398, "fields": {"weekly_report": 117, "thumbnail": "https://i.imgur.com/U0BikuG.jpeg", "like_count": 709, "view_count": 7149, "comment_count": 9, "favourite_count": 81, "improvement_like_count": 0, "improvement_view_count": 0, "improvement_comment_count": 0, "improvement_favourite_count": 0, "notes": "", "url": "https://m.tiktok.com/v/7264858620473494786", "created": "2023-08-08", "last_updated": null}}, {"model": "authtoken.token", "pk": "838fde2cfe52cf25e4aa5f6ac90f3ff8418f0c58", "fields": {"user": 1, "created": "2023-09-08T14:41:52.811Z"}}, {"model": "authtoken.token", "pk": "a700d92bc0cdaa95365b2acfe69663cddba87439", "fields": {"user": 2, "created": "2023-09-09T05:27:58.716Z"}}]